id,code,name,name_th,province_id,created_at,updated_at
1,1001,Phra Nakhon,เขต พระนคร,1,32:06.2,32:06.2
2,1002,Dusit,เขต ดุสิต,1,32:06.2,32:06.2
3,1003,Nong Chok,เขต หนองจอก,1,32:06.2,32:06.2
4,1004,Bang Rak,เขต บางรัก,1,32:06.2,32:06.2
5,1005,Bang Khen,เขต บางเขน,1,32:06.2,32:06.2
6,1006,Bang Kapi,เขต บางกะปิ,1,32:06.2,32:06.2
7,1007,Pathum Wan,เขต ปทุมวัน,1,32:06.2,32:06.2
8,1008,Pom Prap Sattruphai,เขต ป้อมปราบศัตรูพ่าย,1,32:06.2,32:06.2
9,1009,Phra Khanong,เขต พระโขนง,1,32:06.2,32:06.2
10,1010,Min Buri,เขต มีนบุรี,1,32:06.2,32:06.2
11,1011,Lat Krabang,เขต ลาดกระบัง,1,32:06.2,32:06.2
12,1012,Yannawa,เขต ยานนาวา,1,32:06.2,32:06.2
13,1013,Samphanthawong,เขต สัมพันธวงศ์,1,32:06.2,32:06.2
14,1014,Phaya Thai,เขต พญาไท,1,32:06.2,32:06.2
15,1015,Thon Buri,เขต ธนบุรี,1,32:06.2,32:06.2
16,1016,Bangkok Yai,เขต บางกอกใหญ่,1,32:06.2,32:06.2
17,1017,Huai Khwang,เขต ห้วยขวาง,1,32:06.2,32:06.2
18,1018,Khlong San,เขต คลองสาน,1,32:06.2,32:06.2
19,1019,Taling Chan,เขต ตลิ่งชัน,1,32:06.2,32:06.2
20,1020,Bangkok Noi,เขต บางกอกน้อย,1,32:06.2,32:06.2
21,1021,Bang Khun Thian,เขต บางขุนเทียน,1,32:06.2,32:06.2
22,1022,Phasi Charoen,เขต ภาษีเจริญ,1,32:06.2,32:06.2
23,1023,Nong Khaem,เขต หนองแขม,1,32:06.2,32:06.2
24,1024,Rat Burana,เขต ราษฎร์บูรณะ,1,32:06.2,32:06.2
25,1025,Bang Phlat,เขต บางพลัด,1,32:06.2,32:06.2
26,1026,Din Daeng,เขต ดินแดง,1,32:06.2,32:06.2
27,1027,Bung Kum,เขต บึงกุ่ม,1,32:06.2,32:06.2
28,1028,Sa Thon,เขต สาทร,1,32:06.2,32:06.2
29,1029,Bang Su,เขต บางซื่อ,1,32:06.2,32:06.2
30,1030,Chatuchak,เขต จตุจักร,1,32:06.2,32:06.2
31,1031,Bang Kho Laem,เขต บางคอแหลม,1,32:06.2,32:06.2
32,1032,Prawet,เขต ประเวศ,1,32:06.2,32:06.2
33,1033,Khlong Toei,เขต คลองเตย,1,32:06.2,32:06.2
34,1034,Suan Luang,เขต สวนหลวง,1,32:06.2,32:06.2
35,1035,Chom Thong,เขต จอมทอง,1,32:06.2,32:06.2
36,1036,Don Mueang,เขต ดอนเมือง,1,32:06.2,32:06.2
37,1037,Rat Thewi,เขต ราชเทวี,1,32:06.2,32:06.2
38,1038,Lat Phrao,เขต ลาดพร้าว,1,32:06.2,32:06.2
39,1039,Watthana,เขต วัฒนา,1,32:06.2,32:06.2
40,1040,Bang Khae,เขต บางแค,1,32:06.2,32:06.2
41,1041,Lak Si,เขต หลักสี่,1,32:06.2,32:06.2
42,1042,Sai Mai,เขต สายไหม,1,32:06.2,32:06.2
43,1043,Khanna Yao,เขต คันนายาว,1,32:06.2,32:06.2
44,1044,Saphan Sung,เขต สะพานสูง,1,32:06.2,32:06.2
45,1045,Wang Thong Lang,เขต วังทองหลาง,1,32:06.2,32:06.2
46,1046,Khlong Sam Wa,เขต คลองสามวา,1,32:06.2,32:06.2
47,1047,Bang Na,เขต บางนา,1,32:06.2,32:06.2
48,1048,Thawi Watthana,เขต ทวีวัฒนา,1,32:06.2,32:06.2
49,1049,Thung Khu,เขต ทุ่งครุ,1,32:06.2,32:06.2
50,1050,Bang Bon,เขต บางบอน,1,32:06.2,32:06.2
51,1101,Mueang Samut Prakan,เมืองสมุทรปราการ,2,32:06.2,32:06.2
52,1102,Bang Bo,บางบ่อ,2,32:06.2,32:06.2
53,1103,Bang Phli,บางพลี,2,32:06.2,32:06.2
54,1104,Phra Pradaeng,พระประแดง,2,32:06.2,32:06.2
55,1105,Phra Samut Chedi,พระสมุทรเจดีย์,2,32:06.2,32:06.2
56,1106,Bang Sao Thong,บางเสาธง,2,32:06.2,32:06.2
57,1201,Mueang Nonthaburi,เมืองนนทบุรี,3,32:06.2,32:06.2
58,1202,Bang Kruai,บางกรวย,3,32:06.2,32:06.2
59,1203,Bang Yai,บางใหญ่,3,32:06.2,32:06.2
60,1204,Bang Bua Thong,บางบัวทอง,3,32:06.2,32:06.2
61,1205,Sai Noi,ไทรน้อย,3,32:06.2,32:06.2
62,1206,Pak Kret,ปากเกร็ด,3,32:06.2,32:06.2
63,1301,Mueang Pathum Thani,เมืองปทุมธานี,4,32:06.2,32:06.2
64,1302,khlong Luang,คลองหลวง,4,32:06.2,32:06.2
65,1303,Thanyaburi,ธัญบุรี,4,32:06.2,32:06.2
66,1304,Nong Suea,หนองเสือ,4,32:06.2,32:06.2
67,1305,Lat Lum Kaeo,ลาดหลุมแก้ว,4,32:06.2,32:06.2
68,1306,Lam Luk Ka,ลำลูกกา,4,32:06.2,32:06.2
69,1307,Sam Khok,สามโคก,4,32:06.2,32:06.2
70,1401,Phra Nakhon Si Ayutthaya,พระนครศรีอยุธยา,5,32:06.2,32:06.2
71,1402,Tha Ruea,ท่าเรือ,5,32:06.2,32:06.2
72,1403,Nakhon Luang,นครหลวง,5,32:06.2,32:06.2
73,1404,Bang Sai,บางไทร,5,32:06.2,32:06.2
74,1405,Bang Ban,บางบาล,5,32:06.2,32:06.2
75,1406,Bang Pa-in,บางปะอิน,5,32:06.2,32:06.2
76,1407,Bang Pahan,บางปะหัน,5,32:06.2,32:06.2
77,1408,Phak Hai,ผักไห่,5,32:06.2,32:06.2
78,1409,Phachi,ภาชี,5,32:06.2,32:06.2
79,1410,Lat Bua Luang,ลาดบัวหลวง,5,32:06.2,32:06.2
80,1411,Wang Noi,วังน้อย,5,32:06.2,32:06.2
81,1412,Sena,เสนา,5,32:06.2,32:06.2
82,1413,Bang Sai,บางซ้าย,5,32:06.2,32:06.2
83,1414,Uthai,อุทัย,5,32:06.2,32:06.2
84,1415,Maha Rat,มหาราช,5,32:06.2,32:06.2
85,1416,Ban Phraek,บ้านแพรก,5,32:06.2,32:06.2
86,1501,Mueang Ang Thong,เมืองอ่างทอง,6,32:06.2,32:06.2
87,1502,Chaiyo,ไชโย,6,32:06.2,32:06.2
88,1503,Pa Mok,ป่าโมก,6,32:06.2,32:06.2
89,1504,Pho Thong,โพธิ์ทอง,6,32:06.2,32:06.2
90,1505,Sawaeng Ha,แสวงหา,6,32:06.2,32:06.2
91,1506,Wiset Chai Chan,วิเศษชัยชาญ,6,32:06.2,32:06.2
92,1507,Samko,สามโก้,6,32:06.2,32:06.2
93,1601,Mueang Lop Buri,เมืองลพบุรี,7,32:06.2,32:06.2
94,1602,Phatthana Nikhom,พัฒนานิคม,7,32:06.2,32:06.2
95,1603,Khok Samrong,โคกสำโรง,7,32:06.2,32:06.2
96,1604,Chai Badan,ชัยบาดาล,7,32:06.2,32:06.2
97,1605,Tha Wung,ท่าวุ้ง,7,32:06.2,32:06.2
98,1606,Ban Mi,บ้านหมี่,7,32:06.2,32:06.2
99,1607,Tha Luang,ท่าหลวง,7,32:06.2,32:06.2
100,1608,Sa Bot,สระโบสถ์,7,32:06.2,32:06.2
101,1609,Khok Charoen,โคกเจริญ,7,32:06.2,32:06.2
102,1610,Lam Sonthi,ลำสนธิ,7,32:06.2,32:06.2
103,1611,Nong Muang,หนองม่วง,7,32:06.2,32:06.2
104,1701,Mueang Sing Buri,เมืองสิงห์บุรี,8,32:06.2,32:06.2
105,1702,Bang Rachan,บางระจัน,8,32:06.2,32:06.2
106,1703,Khai Bang Rachan,ค่ายบางระจัน,8,32:06.2,32:06.2
107,1704,Phrom Buri,พรหมบุรี,8,32:06.2,32:06.2
108,1705,Tha Chang,ท่าช้าง,8,32:06.2,32:06.2
109,1706,In Buri,อินทร์บุรี,8,32:06.2,32:06.2
110,1801,Mueang Chai Nat,เมืองชัยนาท,9,32:06.2,32:06.2
111,1802,Manorom,มโนรมย์,9,32:06.2,32:06.2
112,1803,Wat Sing,วัดสิงห์,9,32:06.2,32:06.2
113,1804,Sapphaya,สรรพยา,9,32:06.2,32:06.2
114,1805,Sankhaburi,สรรคบุรี,9,32:06.2,32:06.2
115,1806,Hankha,หันคา,9,32:06.2,32:06.2
116,1807,Nong Mamong,หนองมะโมง,9,32:06.2,32:06.2
117,1808,Noen Kham,เนินขาม,9,32:06.2,32:06.2
118,1901,Mueang Saraburi,เมืองสระบุรี,10,32:06.2,32:06.2
119,1902,Kaeng Khoi,แก่งคอย,10,32:06.2,32:06.2
120,1903,Nong Khae,หนองแค,10,32:06.2,32:06.2
121,1904,Wihan Daeng,วิหารแดง,10,32:06.2,32:06.2
122,1905,Nong Saeng,หนองแซง,10,32:06.2,32:06.2
123,1906,Ban Mo,บ้านหมอ,10,32:06.2,32:06.2
124,1907,Don Phut,ดอนพุด,10,32:06.2,32:06.2
125,1908,Nong Don,หนองโดน,10,32:06.2,32:06.2
126,1909,Phra Phutthabat,พระพุทธบาท,10,32:06.2,32:06.2
127,1910,Sao Hai,เสาไห้,10,32:06.2,32:06.2
128,1911,Muak Lek,มวกเหล็ก,10,32:06.2,32:06.2
129,1912,Wang Muang,วังม่วง,10,32:06.2,32:06.2
130,1913,Chaloem Phra Kiet,เฉลิมพระเกียรติ,10,32:06.2,32:06.2
131,2001,Mueang Chon Buri,เมืองชลบุรี,11,32:06.2,32:06.2
132,2002,Ban Bueng,บ้านบึง,11,32:06.2,32:06.2
133,2003,Nong Yai,หนองใหญ่,11,32:06.2,32:06.2
134,2004,Bang Lamung,บางละมุง,11,32:06.2,32:06.2
135,2005,Phan Thong,พานทอง,11,32:06.2,32:06.2
136,2006,Phanat Nikhom,พนัสนิคม,11,32:06.2,32:06.2
137,2007,Si Racha,ศรีราชา,11,32:06.2,32:06.2
138,2008,Ko Sichang,เกาะสีชัง,11,32:06.2,32:06.2
139,2009,Sattahip,สัตหีบ,11,32:06.2,32:06.2
140,2010,Bo Thong,บ่อทอง,11,32:06.2,32:06.2
141,2011,Ko Chan,เกาะจันทร์,11,32:06.2,32:06.2
142,2101,Mueang Rayong,เมืองระยอง,12,32:06.2,32:06.2
143,2102,Ban Chang,บ้านฉาง,12,32:06.2,32:06.2
144,2103,Klaeng,แกลง,12,32:06.2,32:06.2
145,2104,Wang Chan,วังจันทร์,12,32:06.2,32:06.2
146,2105,Ban Khai,บ้านค่าย,12,32:06.2,32:06.2
147,2106,Pluak Daeng,ปลวกแดง,12,32:06.2,32:06.2
148,2107,Khao Chamao,เขาชะเมา,12,32:06.2,32:06.2
149,2108,Nikhom Phatthana,นิคมพัฒนา,12,32:06.2,32:06.2
150,2201,Mueang Chanthaburi,เมืองจันทบุรี,13,32:06.2,32:06.2
151,2202,Khlung,ขลุง,13,32:06.2,32:06.2
152,2203,Tha Mai,ท่าใหม่,13,32:06.2,32:06.2
153,2204,Pong Nam Ron,โป่งน้ำร้อน,13,32:06.2,32:06.2
154,2205,Makham,มะขาม,13,32:06.2,32:06.2
155,2206,Laem Sing,แหลมสิงห์,13,32:06.2,32:06.2
156,2207,Soi Dao,สอยดาว,13,32:06.2,32:06.2
157,2208,Kaeng Hang Maeo,แก่งหางแมว,13,32:06.2,32:06.2
158,2209,Na Yai Am,นายายอาม,13,32:06.2,32:06.2
159,2210,Khao Khitchakut,เขาคิชฌกูฏ,13,32:06.2,32:06.2
160,2301,Mueang Trat,เมืองตราด,14,32:06.2,32:06.2
161,2302,Khlong Yai,คลองใหญ่,14,32:06.2,32:06.2
162,2303,Khao Saming,เขาสมิง,14,32:06.2,32:06.2
163,2304,Bo Rai,บ่อไร่,14,32:06.2,32:06.2
164,2305,Laem Ngop,แหลมงอบ,14,32:06.2,32:06.2
165,2306,Ko Kut,เกาะกูด,14,32:06.2,32:06.2
166,2307,Ko Chang,เกาะช้าง,14,32:06.2,32:06.2
167,2401,Mueang Chachoengsao,เมืองฉะเชิงเทรา,15,32:06.2,32:06.2
168,2402,Bang Khla,บางคล้า,15,32:06.2,32:06.2
169,2403,Bang Nam Priao,บางน้ำเปรี้ยว,15,32:06.2,32:06.2
170,2404,Bang Pakong,บางปะกง,15,32:06.2,32:06.2
171,2405,Ban Pho,บ้านโพธิ์,15,32:06.2,32:06.2
172,2406,Phanom Sarakham,พนมสารคาม,15,32:06.2,32:06.2
173,2407,Ratchasan,ราชสาส์น,15,32:06.2,32:06.2
174,2408,Sanam Chai Khet,สนามชัยเขต,15,32:06.2,32:06.2
175,2409,Pleang Yao,แปลงยาว,15,32:06.2,32:06.2
176,2410,Tha Takiap,ท่าตะเกียบ,15,32:06.2,32:06.2
177,2411,Khlong Khuean,คลองเขื่อน,15,32:06.2,32:06.2
178,2501,Mueang Prachin Buri,เมืองปราจีนบุรี,16,32:06.2,32:06.2
179,2502,Kabin Buri,กบินทร์บุรี,16,32:06.2,32:06.2
180,2503,Na Di,นาดี,16,32:06.2,32:06.2
181,2506,Ban Sang,บ้านสร้าง,16,32:06.2,32:06.2
182,2507,Prachantakham,ประจันตคาม,16,32:06.2,32:06.2
183,2508,Si Maha Phot,ศรีมหาโพธิ,16,32:06.2,32:06.2
184,2509,Si Mahosot,ศรีมโหสถ,16,32:06.2,32:06.2
185,2601,Mueang Nakhon Nayok,เมืองนครนายก,17,32:06.2,32:06.2
186,2602,Pak Phli,ปากพลี,17,32:06.2,32:06.2
187,2603,Ban Na,บ้านนา,17,32:06.2,32:06.2
188,2604,Ongkharak,องครักษ์,17,32:06.2,32:06.2
189,2701,Mueang Sa Kaeo,เมืองสระแก้ว,18,32:06.2,32:06.2
190,2702,Khlong Hat,คลองหาด,18,32:06.2,32:06.2
191,2703,Ta Phraya,ตาพระยา,18,32:06.2,32:06.2
192,2704,Wang Nam Yen,วังน้ำเย็น,18,32:06.2,32:06.2
193,2705,Watthana Nakhon,วัฒนานคร,18,32:06.2,32:06.2
194,2706,Aranyaprathet,อรัญประเทศ,18,32:06.2,32:06.2
195,2707,Khao Chakan,เขาฉกรรจ์,18,32:06.2,32:06.2
196,2708,Khok Sung,โคกสูง,18,32:06.2,32:06.2
197,2709,Wang Sombun,วังสมบูรณ์,18,32:06.2,32:06.2
198,3001,Mueang Nakhon Ratchasima,เมืองนครราชสีมา,19,32:06.2,32:06.2
199,3002,Khon Buri,ครบุรี,19,32:06.2,32:06.2
200,3003,Soeng Sang,เสิงสาง,19,32:06.2,32:06.2
201,3004,Khong,คง,19,32:06.2,32:06.2
202,3005,Ban Lueam,บ้านเหลื่อม,19,32:06.2,32:06.2
203,3006,Chakkarat,จักราช,19,32:06.2,32:06.2
204,3007,Chok Chai,โชคชัย,19,32:06.2,32:06.2
205,3008,Dan Khun Thot,ด่านขุนทด,19,32:06.2,32:06.2
206,3009,Non Thai,โนนไทย,19,32:06.2,32:06.2
207,3010,Non Sung,โนนสูง,19,32:06.2,32:06.2
208,3011,Kham Sakaesaeng,ขามสะแกแสง,19,32:06.2,32:06.2
209,3012,Bua Yai,บัวใหญ่,19,32:06.2,32:06.2
210,3013,Prathai,ประทาย,19,32:06.2,32:06.2
211,3014,Pak Thong Chai,ปักธงชัย,19,32:06.2,32:06.2
212,3015,Phimai,พิมาย,19,32:06.2,32:06.2
213,3016,Huai Thalaeng,ห้วยแถลง,19,32:06.2,32:06.2
214,3017,Chum Phuang,ชุมพวง,19,32:06.2,32:06.2
215,3018,Sung Noen,สูงเนิน,19,32:06.2,32:06.2
216,3019,Kham Thale So,ขามทะเลสอ,19,32:06.2,32:06.2
217,3020,Si Khio,สีคิ้ว,19,32:06.2,32:06.2
218,3021,Pak Chong,ปากช่อง,19,32:06.2,32:06.2
219,3022,Nong Bunmak,หนองบุญมาก,19,32:06.2,32:06.2
220,3023,Kaeng Sanam Nang,แก้งสนามนาง,19,32:06.2,32:06.2
221,3024,Non Daeng,โนนแดง,19,32:06.2,32:06.2
222,3025,Wang Nam Khiao,วังน้ำเขียว,19,32:06.2,32:06.2
223,3026,Thepharak,เทพารักษ์,19,32:06.2,32:06.2
224,3027,Mueang Yang,เมืองยาง,19,32:06.2,32:06.2
225,3028,Phra Thong Kham,พระทองคำ,19,32:06.2,32:06.2
226,3029,Lamtaman Chai,ลำทะเมนชัย,19,32:06.2,32:06.2
227,3030,Bua Lai,บัวลาย,19,32:06.2,32:06.2
228,3031,Sida,สีดา,19,32:06.2,32:06.2
229,3032,Chaloem Phra Kiet,เฉลิมพระเกียรติ,19,32:06.2,32:06.2
230,3101,Mueang Buri Ram,เมืองบุรีรัมย์,20,32:06.2,32:06.2
231,3102,Khu Mueang,คูเมือง,20,32:06.2,32:06.2
232,3103,Krasang,กระสัง,20,32:06.2,32:06.2
233,3104,Nang Rong,นางรอง,20,32:06.2,32:06.2
234,3105,Nong Ki,หนองกี่,20,32:06.2,32:06.2
235,3106,Lahan Sai,ละหานทราย,20,32:06.2,32:06.2
236,3107,Prakhon Chai,ประโคนชัย,20,32:06.2,32:06.2
237,3108,Ban Kruat,บ้านกรวด,20,32:06.2,32:06.2
238,3109,Phutthaisong,พุทไธสง,20,32:06.2,32:06.2
239,3110,Lam Plai Mat,ลำปลายมาศ,20,32:06.2,32:06.2
240,3111,Satuek,สตึก,20,32:06.2,32:06.2
241,3112,Pakham,ปะคำ,20,32:06.2,32:06.2
242,3113,Na Pho,นาโพธิ์,20,32:06.2,32:06.2
243,3114,Nong Hong,หนองหงส์,20,32:06.2,32:06.2
244,3115,Phlapphla Chai,พลับพลาชัย,20,32:06.2,32:06.2
245,3116,Huai Rat,ห้วยราช,20,32:06.2,32:06.2
246,3117,Non Din Daeng,โนนสุวรรณ,20,32:06.2,32:06.2
247,3118,Chamni,ชำนิ,20,32:06.2,32:06.2
248,3119,Ban Mai Chaiyaphot,บ้านใหม่ไชยพจน์,20,32:06.2,32:06.2
249,3120,Non Din Daeng,โนนดินแดง,20,32:06.2,32:06.2
250,3121,Ban Dan,บ้านด่าน,20,32:06.2,32:06.2
251,3122,Khaen Dong,แคนดง,20,32:06.2,32:06.2
252,3123,Chaloem Phra Kiet,เฉลิมพระเกียรติ,20,32:06.2,32:06.2
253,3201,Mueang Surin,เมืองสุรินทร์,21,32:06.2,32:06.2
254,3202,Chumphon Buri,ชุมพลบุรี,21,32:06.2,32:06.2
255,3203,Tha Tum,ท่าตูม,21,32:06.2,32:06.2
256,3204,Chom Phra,จอมพระ,21,32:06.2,32:06.2
257,3205,Prasat,ปราสาท,21,32:06.2,32:06.2
258,3206,Kap Choeng,กาบเชิง,21,32:06.2,32:06.2
259,3207,Rattanaburi,รัตนบุรี,21,32:06.2,32:06.2
260,3208,Sanom,สนม,21,32:06.2,32:06.2
261,3209,Sikhoraphum,ศีขรภูมิ,21,32:06.2,32:06.2
262,3210,Sangkha,สังขะ,21,32:06.2,32:06.2
263,3211,Lamduan,ลำดวน,21,32:06.2,32:06.2
264,3212,Samrong Thap,สำโรงทาบ,21,32:06.2,32:06.2
265,3213,Buachet,บัวเชด,21,32:06.2,32:06.2
266,3214,Phanom Dong Rak,พนมดงรัก,21,32:06.2,32:06.2
267,3215,Si Narong,ศรีณรงค์,21,32:06.2,32:06.2
268,3216,Khwao Sinarin,เขวาสินรินทร์,21,32:06.2,32:06.2
269,3217,Non Narai,โนนนารายณ์,21,32:06.2,32:06.2
270,3301,Mueang Si Sa Ket,เมืองศรีสะเกษ,22,32:06.2,32:06.2
271,3302,Yang Chum Noi,ยางชุมน้อย,22,32:06.2,32:06.2
272,3303,Kanthararom,กันทรารมย์,22,32:06.2,32:06.2
273,3304,Kantharalak,กันทรลักษ์,22,32:06.2,32:06.2
274,3305,Khukhan,ขุขันธ์,22,32:06.2,32:06.2
275,3306,Phrai Bueng,ไพรบึง,22,32:06.2,32:06.2
276,3307,Prang Ku,ปรางค์กู่,22,32:06.2,32:06.2
277,3308,Khun Han,ขุนหาญ,22,32:06.2,32:06.2
278,3309,Rasi Salai,ราษีไศล,22,32:06.2,32:06.2
279,3310,Uthumphon Phisai,อุทุมพรพิสัย,22,32:06.2,32:06.2
280,3311,Bueng Bun,บึงบูรพ์,22,32:06.2,32:06.2
281,3312,Huai Thap Than,ห้วยทับทัน,22,32:06.2,32:06.2
282,3313,Non Khun,โนนคูณ,22,32:06.2,32:06.2
283,3314,Si Rattana,ศรีรัตนะ,22,32:06.2,32:06.2
284,3315,Nam Kliang,น้ำเกลี้ยง,22,32:06.2,32:06.2
285,3316,Wang Hin,วังหิน,22,32:06.2,32:06.2
286,3317,Phu Sing,ภูสิงห์,22,32:06.2,32:06.2
287,3318,Mueang Chan,เมืองจันทร์,22,32:06.2,32:06.2
288,3319,Benchalak,เบญจลักษ์,22,32:06.2,32:06.2
289,3320,Phayu,พยุห์,22,32:06.2,32:06.2
290,3321,Pho Si Suwan,โพธิ์ศรีสุวรรณ,22,32:06.2,32:06.2
291,3322,Sila Lat,ศิลาลาด,22,32:06.2,32:06.2
292,3401,Mueang Ubon Ratchathani,เมืองอุบลราชธานี,23,32:06.2,32:06.2
293,3402,Si Mueang Mai,ศรีเมืองใหม่,23,32:06.2,32:06.2
294,3403,Khong Chiam,โขงเจียม,23,32:06.2,32:06.2
295,3404,Khueang Nai,เขื่องใน,23,32:06.2,32:06.2
296,3405,Khemarat,เขมราฐ,23,32:06.2,32:06.2
297,3407,Det Udom,เดชอุดม,23,32:06.2,32:06.2
298,3408,Na Chaluai,นาจะหลวย,23,32:06.2,32:06.2
299,3409,Nam Yuen,น้ำยืน,23,32:06.2,32:06.2
300,3410,Boontharik,บุณฑริก,23,32:06.2,32:06.2
301,3411,Trakan Phuet Phon,ตระการพืชผล,23,32:06.2,32:06.2
302,3412,Kut Khaopun,กุดข้าวปุ้น,23,32:06.2,32:06.2
303,3414,Muang Sam Sip,ม่วงสามสิบ,23,32:06.2,32:06.2
304,3415,Warin Chamrap,วารินชำราบ,23,32:06.2,32:06.2
305,3419,Phibun Mangsahan,พิบูลมังสาหาร,23,32:06.2,32:06.2
306,3420,Tan Sum,ตาลสุม,23,32:06.2,32:06.2
307,3421,Pho Sai,โพธิ์ไทร,23,32:06.2,32:06.2
308,3422,Samrong,สำโรง,23,32:06.2,32:06.2
309,3424,Don Mot Daeng,ดอนมดแดง,23,32:06.2,32:06.2
310,3425,Sirindhorn,สิรินธร,23,32:06.2,32:06.2
311,3426,Thung Si Udom,ทุ่งศรีอุดม,23,32:06.2,32:06.2
312,3429,Na Yia,นาเยีย,23,32:06.2,32:06.2
313,3430,Na Tan,นาตาล,23,32:06.2,32:06.2
314,3431,Lao Suea Kok,เหล่าเสือโก้ก,23,32:06.2,32:06.2
315,3432,Sawang Wirawong,สว่างวีระวงศ์,23,32:06.2,32:06.2
316,3433,Nam Khun,น้ำขุ่น,23,32:06.2,32:06.2
317,3501,Mueang Yasothon,เมืองยโสธร,24,32:06.2,32:06.2
318,3502,Sai Mun,ทรายมูล,24,32:06.2,32:06.2
319,3503,Kut Chum,กุดชุม,24,32:06.2,32:06.2
320,3504,Kham Khuean Kaeo,คำเขื่อนแก้ว,24,32:06.2,32:06.2
321,3505,Pa Tio,ป่าติ้ว,24,32:06.2,32:06.2
322,3506,Maha Chana Chai,มหาชนะชัย,24,32:06.2,32:06.2
323,3507,Kho Wang,ค้อวัง,24,32:06.2,32:06.2
324,3508,Loeng Nok Tha,เลิงนกทา,24,32:06.2,32:06.2
325,3509,Thai Charoen,ไทยเจริญ,24,32:06.2,32:06.2
326,3601,Mueang Chaiyaphum,เมืองชัยภูมิ,25,32:06.2,32:06.2
327,3602,Ban Khwao,บ้านเขว้า,25,32:06.2,32:06.2
328,3603,Khon Sawan,คอนสวรรค์,25,32:06.2,32:06.2
329,3604,Kaset Sombun,เกษตรสมบูรณ์,25,32:06.2,32:06.2
330,3605,Nong Bua Daeng,หนองบัวแดง,25,32:06.2,32:06.2
331,3606,Chatturat,จัตุรัส,25,32:06.2,32:06.2
332,3607,Bamnet Narong,บำเหน็จณรงค์,25,32:06.2,32:06.2
333,3608,Nong Bua Rawe,หนองบัวระเหว,25,32:06.2,32:06.2
334,3609,Thep Sathit,เทพสถิต,25,32:06.2,32:06.2
335,3610,Phu Khiao,ภูเขียว,25,32:06.2,32:06.2
336,3611,Ban Thaen,บ้านแท่น,25,32:06.2,32:06.2
337,3612,Kaeng Khro,แก้งคร้อ,25,32:06.2,32:06.2
338,3613,Khon San,คอนสาร,25,32:06.2,32:06.2
339,3614,Phakdi Chumphon,ภักดีชุมพล,25,32:06.2,32:06.2
340,3615,Noen Sa-nga,เนินสง่า,25,32:06.2,32:06.2
341,3616,Sap Yai,ซับใหญ่,25,32:06.2,32:06.2
342,3701,Mueang Amnat Charoen,เมืองอำนาจเจริญ,26,32:06.2,32:06.2
343,3702,Chanuman,ชานุมาน,26,32:06.2,32:06.2
344,3703,Pathum Ratchawongsa,ปทุมราชวงศา,26,32:06.2,32:06.2
345,3704,Phana,พนา,26,32:06.2,32:06.2
346,3705,Senangkhanikhom,เสนางคนิคม,26,32:06.2,32:06.2
347,3706,Hua Taphan,หัวตะพาน,26,32:06.2,32:06.2
348,3707,Lue Amnat,ลืออำนาจ,26,32:06.2,32:06.2
349,3801,Bueng Kan,บึงกาฬ,27,32:06.2,32:06.2
350,3802,Phon Charoen,พรเจริญ,27,32:06.2,32:06.2
351,3803,So Phisai,โซ่พิสัย,27,32:06.2,32:06.2
352,3804,Seka,เซกา,27,32:06.2,32:06.2
353,3805,Pak Khat,ปากคาด,27,32:06.2,32:06.2
354,3806,Bueng Khong Long,บึงโขงหลง,27,32:06.2,32:06.2
355,3807,Si Wilai,ศรีวิไล,27,32:06.2,32:06.2
356,3808,Bung Khla,บุ่งคล้า,27,32:06.2,32:06.2
357,3901,Mueang Nong Bua Lam Phu,เมืองหนองบัวลำภู,28,32:06.2,32:06.2
358,3902,Na Klang,นากลาง,28,32:06.2,32:06.2
359,3903,Non Sang,โนนสัง,28,32:06.2,32:06.2
360,3904,Si Bun Rueang,ศรีบุญเรือง,28,32:06.2,32:06.2
361,3905,Suwannakhuha,สุวรรณคูหา,28,32:06.2,32:06.2
362,3906,Na Wang,นาวัง,28,32:06.2,32:06.2
363,4001,Mueang Khon Kaen,เมืองขอนแก่น,29,32:06.2,32:06.2
364,4002,Ban Fang,บ้านฝาง,29,32:06.2,32:06.2
365,4003,Phra Yuen,พระยืน,29,32:06.2,32:06.2
366,4004,Nong Ruea,หนองเรือ,29,32:06.2,32:06.2
367,4005,Chum Phae,ชุมแพ,29,32:06.2,32:06.2
368,4006,Si Chomphu,สีชมพู,29,32:06.2,32:06.2
369,4007,Nam Phong,น้ำพอง,29,32:06.2,32:06.2
370,4008,Ubolratana,อุบลรัตน์,29,32:06.2,32:06.2
371,4009,Kranuan,กระนวน,29,32:06.2,32:06.2
372,4010,Ban Phai,บ้านไผ่,29,32:06.2,32:06.2
373,4011,Pueai Noi,เปือยน้อย,29,32:06.2,32:06.2
374,4012,Phon,พล,29,32:06.2,32:06.2
375,4013,Waeng Yai,แวงใหญ่,29,32:06.2,32:06.2
376,4014,Waeng Noi,แวงน้อย,29,32:06.2,32:06.2
377,4015,Nong Song Hong,หนองสองห้อง,29,32:06.2,32:06.2
378,4016,Phu Wiang,ภูเวียง,29,32:06.2,32:06.2
379,4017,Mancha Khiri,มัญจาคีรี,29,32:06.2,32:06.2
380,4018,Chonnabot,ชนบท,29,32:06.2,32:06.2
381,4019,Khao Suan Kwang,เขาสวนกวาง,29,32:06.2,32:06.2
382,4020,Phu Phaman,ภูผาม่าน,29,32:06.2,32:06.2
383,4021,Sam Sung,ซำสูง,29,32:06.2,32:06.2
384,4022,Khok Pho Chai,โคกโพธิ์ไชย,29,32:06.2,32:06.2
385,4023,Nong Na Kham,หนองนาคำ,29,32:06.2,32:06.2
386,4024,Ban Haet,บ้านแฮด,29,32:06.2,32:06.2
387,4025,Non Sila,โนนศิลา,29,32:06.2,32:06.2
388,4026,Wiang Kao,เวียงเก่า,29,32:06.2,32:06.2
389,4101,Mueang Udon Thani,เมืองอุดรธานี,30,32:06.2,32:06.2
390,4102,Kut Chap,กุดจับ,30,32:06.2,32:06.2
391,4103,Nong Wua So,หนองวัวซอ,30,32:06.2,32:06.2
392,4104,Kumphawapi,กุมภวาปี,30,32:06.2,32:06.2
393,4105,Non Sa-at,โนนสะอาด,30,32:06.2,32:06.2
394,4106,Nong Saeng,หนองหาน,30,32:06.2,32:06.2
395,4107,Thung Fon,ทุ่งฝน,30,32:06.2,32:06.2
396,4108,Chai Wan,ไชยวาน,30,32:06.2,32:06.2
397,4109,Si That,ศรีธาตุ,30,32:06.2,32:06.2
398,4110,Wang Sam Mo,วังสามหมอ,30,32:06.2,32:06.2
399,4111,Ban Dung,บ้านดุง,30,32:06.2,32:06.2
400,4117,Ban Phue,บ้านผือ,30,32:06.2,32:06.2
401,4118,Nam Som,น้ำโสม,30,32:06.2,32:06.2
402,4119,Phen,เพ็ญ,30,32:06.2,32:06.2
403,4120,Sang Khom,สร้างคอม,30,32:06.2,32:06.2
404,4121,Nong Saeng,หนองแสง,30,32:06.2,32:06.2
405,4122,Na Yung,นายูง,30,32:06.2,32:06.2
406,4123,Phibun Rak,พิบูลย์รักษ์,30,32:06.2,32:06.2
407,4124,Ku Kaeo,กู่แก้ว,30,32:06.2,32:06.2
408,4125,Prachaksinlapakhom,ประจักษ์ศิลปาคม,30,32:06.2,32:06.2
409,4201,Mueang Loei,เมืองเลย,31,32:06.2,32:06.2
410,4202,Na Duang,นาด้วง,31,32:06.2,32:06.2
411,4203,Chiang Khan,เชียงคาน,31,32:06.2,32:06.2
412,4204,Pak Chom,ปากชม,31,32:06.2,32:06.2
413,4205,Dan Sai,ด่านซ้าย,31,32:06.2,32:06.2
414,4206,Na Haeo,นาแห้ว,31,32:06.2,32:06.2
415,4207,Phu Ruea,ภูเรือ,31,32:06.2,32:06.2
416,4208,Tha Li,ท่าลี่,31,32:06.2,32:06.2
417,4209,Wang Saphung,วังสะพุง,31,32:06.2,32:06.2
418,4210,Phu Kradueng,ภูกระดึง,31,32:06.2,32:06.2
419,4211,Phu Luang,ภูหลวง,31,32:06.2,32:06.2
420,4212,Pha  Khao,ผาขาว,31,32:06.2,32:06.2
421,4213,Erawan,เอราวัณ,31,32:06.2,32:06.2
422,4214,Nong Hin,หนองหิน,31,32:06.2,32:06.2
423,4301,Mueang Nong Khai,เมืองหนองคาย,32,32:06.2,32:06.2
424,4302,Tha Bo,ท่าบ่อ,32,32:06.2,32:06.2
425,4305,Phon Phisai,โพนพิสัย,32,32:06.2,32:06.2
426,4307,Si Chiang Mai,ศรีเชียงใหม่,32,32:06.2,32:06.2
427,4308,Sangkhom,สังคม,32,32:06.2,32:06.2
428,4314,Sakhrai,สระใคร,32,32:06.2,32:06.2
429,4315,Fao Rai,เฝ้าไร่,32,32:06.2,32:06.2
430,4316,Rattanawapi,รัตนวาปี,32,32:06.2,32:06.2
431,4317,Pho Tak,โพธิ์ตาก,32,32:06.2,32:06.2
432,4401,Mueang Maha Sarakham,เมืองมหาสารคาม,33,32:06.2,32:06.2
433,4402,Kae Dam,แกดำ,33,32:06.2,32:06.2
434,4403,Kosum Phisai,โกสุมพิสัย,33,32:06.2,32:06.2
435,4404,Kantharawichai,กันทรวิชัย,33,32:06.2,32:06.2
436,4405,Chiang Yuen,เชียงยืน,33,32:06.2,32:06.2
437,4406,Borabue,บรบือ,33,32:06.2,32:06.2
438,4407,Na Chueak,นาเชือก,33,32:06.2,32:06.2
439,4408,Phayakkhaphum Phisai,พยัคฆภูมิพิสัย,33,32:06.2,32:06.2
440,4409,Wapi Pathum,วาปีปทุม,33,32:06.2,32:06.2
441,4410,Na Dun,นาดูน,33,32:06.2,32:06.2
442,4411,Yang Sisurat,ยางสีสุราช,33,32:06.2,32:06.2
443,4412,Kut Rang,กุดรัง,33,32:06.2,32:06.2
444,4413,Chuen Chom,ชื่นชม,33,32:06.2,32:06.2
445,4501,Mueang Roi Et,เมืองร้อยเอ็ด,34,32:06.2,32:06.2
446,4502,Kaset Wisai,เกษตรวิสัย,34,32:06.2,32:06.2
447,4503,Pathum Rat,ปทุมรัตต์,34,32:06.2,32:06.2
448,4504,Chaturaphak Phiman,จตุรพักตรพิมาน,34,32:06.2,32:06.2
449,4505,Thawat Buri,ธวัชบุรี,34,32:06.2,32:06.2
450,4506,Phanom Phrai,พนมไพร,34,32:06.2,32:06.2
451,4507,Phon Thong,โพนทอง,34,32:06.2,32:06.2
452,4508,Pho Chai,โพธิ์ชัย,34,32:06.2,32:06.2
453,4509,Nong Phok,หนองพอก,34,32:06.2,32:06.2
454,4510,Selaphum,เสลภูมิ,34,32:06.2,32:06.2
455,4511,Suwannaphum,สุวรรณภูมิ,34,32:06.2,32:06.2
456,4512,Mueang Suang,เมืองสรวง,34,32:06.2,32:06.2
457,4513,Phon Sai,โพนทราย,34,32:06.2,32:06.2
458,4514,At Samat,อาจสามารถ,34,32:06.2,32:06.2
459,4515,Moei Wadi,เมยวดี,34,32:06.2,32:06.2
460,4516,Si Somdet,ศรีสมเด็จ,34,32:06.2,32:06.2
461,4517,Changhan,จังหาร,34,32:06.2,32:06.2
462,4518,Chiang Khwan,เชียงขวัญ,34,32:06.2,32:06.2
463,4519,Nong Hi,หนองฮี,34,32:06.2,32:06.2
464,4520,Thung Khao Luang,ทุ่งเขาหลวง,34,32:06.2,32:06.2
465,4601,Mueang Kalasin,เมืองกาฬสินธุ์,35,32:06.2,32:06.2
466,4602,Na Mon,นามน,35,32:06.2,32:06.2
467,4603,Kamalasai,กมลาไสย,35,32:06.2,32:06.2
468,4604,Rong Kham,ร่องคำ,35,32:06.2,32:06.2
469,4605,Kuchinarai,กุฉินารายณ์,35,32:06.2,32:06.2
470,4606,Khao Wong,เขาวง,35,32:06.2,32:06.2
471,4607,Yang Talat,ยางตลาด,35,32:06.2,32:06.2
472,4608,Huai Mek,ห้วยเม็ก,35,32:06.2,32:06.2
473,4609,Sahatsakhan,สหัสขันธ์,35,32:06.2,32:06.2
474,4610,Kham Muang,คำม่วง,35,32:06.2,32:06.2
475,4611,Tha Khantho,ท่าคันโท,35,32:06.2,32:06.2
476,4612,Nong Kung Si,หนองกุงศรี,35,32:06.2,32:06.2
477,4613,Somdet,สมเด็จ,35,32:06.2,32:06.2
478,4614,Huai Phueng,ห้วยผึ้ง,35,32:06.2,32:06.2
479,4615,Sam Chai,สามชัย,35,32:06.2,32:06.2
480,4616,Na Khu,นาคู,35,32:06.2,32:06.2
481,4617,Don Chan,ดอนจาน,35,32:06.2,32:06.2
482,4618,Khong Chai,ฆ้องชัย,35,32:06.2,32:06.2
483,4701,Mueang Sakon Nakhon,เมืองสกลนคร,36,32:06.2,32:06.2
484,4702,Kusuman,กุสุมาลย์,36,32:06.2,32:06.2
485,4703,Kut Bak,กุดบาก,36,32:06.2,32:06.2
486,4704,Phanna Nikhom,พรรณานิคม,36,32:06.2,32:06.2
487,4705,Phanh khon,พังโคน,36,32:06.2,32:06.2
488,4706,Waritchaphum,วาริชภูมิ,36,32:06.2,32:06.2
489,4707,Nikhom Nam un,นิคมน้ำอูน,36,32:06.2,32:06.2
490,4708,Wanon Niwat,วานรนิวาส,36,32:06.2,32:06.2
491,4709,Kham Ta Kla,คำตากล้า,36,32:06.2,32:06.2
492,4710,Ban Muang,บ้านม่วง,36,32:06.2,32:06.2
493,4711,Akat Amnuai,อากาศอำนวย,36,32:06.2,32:06.2
494,4712,Sawang Daen Din,สว่างแดนดิน,36,32:06.2,32:06.2
495,4713,Song Dao,ส่องดาว,36,32:06.2,32:06.2
496,4714,Tao Ngoi,เต่างอย,36,32:06.2,32:06.2
497,4715,Khok Si Suphan,โคกศรีสุพรรณ,36,32:06.2,32:06.2
498,4716,Charoen Sin,เจริญศิลป์,36,32:06.2,32:06.2
499,4717,Phon Na Kaeo,โพนนาแก้ว,36,32:06.2,32:06.2
500,4718,Phu Phan,ภูพาน,36,32:06.2,32:06.2
501,4801,Mueang Nakhon Phanom,เมืองนครพนม,37,32:06.2,32:06.2
502,4802,Pla Pak,ปลาปาก,37,32:06.2,32:06.2
503,4803,Tha Uthen,ท่าอุเทน,37,32:06.2,32:06.2
504,4804,Ban Phaeng,บ้านแพง,37,32:06.2,32:06.2
505,4805,That Phanom,ธาตุพนม,37,32:06.2,32:06.2
506,4806,Renu Nakhon,เรณูนคร,37,32:06.2,32:06.2
507,4807,Na Kae,นาแก,37,32:06.2,32:06.2
508,4808,Si Songkhram,ศรีสงคราม,37,32:06.2,32:06.2
509,4809,Na Wa,นาหว้า,37,32:06.2,32:06.2
510,4810,Phon Sawan,โพนสวรรค์,37,32:06.2,32:06.2
511,4811,Na Thom,นาทม,37,32:06.2,32:06.2
512,4812,Wang Yang,วังยาง,37,32:06.2,32:06.2
513,4901,Mueang Mukdahan,เมืองมุกดาหาร,38,32:06.2,32:06.2
514,4902,Nikhom Kham Soi,นิคมคำสร้อย,38,32:06.2,32:06.2
515,4903,Don Tan,ดอนตาล,38,32:06.2,32:06.2
516,4904,Don Tan,ดงหลวง,38,32:06.2,32:06.2
517,4905,Khamcha-i,คำชะอี,38,32:06.2,32:06.2
518,4906,Wan Yai,ว่านใหญ่,38,32:06.2,32:06.2
519,4907,Nong Sung,หนองสูง,38,32:06.2,32:06.2
520,5001,Mueang Chiang Mai,เมืองเชียงใหม่,39,32:06.2,32:06.2
521,5002,Chom Thong,จอมทอง,39,32:06.2,32:06.2
522,5003,Mae Chaem,แม่แจ่ม,39,32:06.2,32:06.2
523,5004,Chiang Dao,เชียงดาว,39,32:06.2,32:06.2
524,5005,Doi Saket,ดอยสะเก็ด,39,32:06.2,32:06.2
525,5006,Mae Taeng,แม่แตง,39,32:06.2,32:06.2
526,5007,Mae Rim,แม่ริม,39,32:06.2,32:06.2
527,5008,Samoeng,สะเมิง,39,32:06.2,32:06.2
528,5009,Fang,ฝาง,39,32:06.2,32:06.2
529,5010,Mae Ai,แม่อาย,39,32:06.2,32:06.2
530,5011,Phrao,พร้าว,39,32:06.2,32:06.2
531,5012,San Pa Tong,สันป่าตอง,39,32:06.2,32:06.2
532,5013,San Kamphaeng,สันกำแพง,39,32:06.2,32:06.2
533,5014,San Sai,สันทราย,39,32:06.2,32:06.2
534,5015,Hang Dong,หางดง,39,32:06.2,32:06.2
535,5016,Hot,ฮอด,39,32:06.2,32:06.2
536,5017,Doi Tao,ดอยเต่า,39,32:06.2,32:06.2
537,5018,Omkoi,อมก๋อย,39,32:06.2,32:06.2
538,5019,Saraphi,สารภี,39,32:06.2,32:06.2
539,5020,Wiang Haeng,เวียงแหง,39,32:06.2,32:06.2
540,5021,Chai Prakan,ไชยปราการ,39,32:06.2,32:06.2
541,5022,Mae Wang,แม่วาง,39,32:06.2,32:06.2
542,5023,Mae On,แม่ออน,39,32:06.2,32:06.2
543,5024,Doi Lo,ดอยหล่อ,39,32:06.2,32:06.2
544,5025,Kanlayaniwatthana,กัลยาณิวัฒนา,39,32:06.2,32:06.2
545,5101,Mueang Lamphun,เมืองลำพูน,40,32:06.2,32:06.2
546,5102,Mae Tha,แม่ทา,40,32:06.2,32:06.2
547,5103,Ban Hong,บ้านโฮ่ง,40,32:06.2,32:06.2
548,5104,Li,ลี้,40,32:06.2,32:06.2
549,5105,Thung Hua Chang,ทุ่งหัวช้าง,40,32:06.2,32:06.2
550,5106,Pa Sang,ป่าซาง,40,32:06.2,32:06.2
551,5107,Ban Thi,บ้านธิ,40,32:06.2,32:06.2
552,5108,Wiang Nong Long,เวียงหนองล่อง,40,32:06.2,32:06.2
553,5201,Mueang Lampang,เมืองลำปาง,41,32:06.2,32:06.2
554,5202,Mae Mo,แม่เมาะ,41,32:06.2,32:06.2
555,5203,Ko kha,เกาะคา,41,32:06.2,32:06.2
556,5204,Soem Ngam,เสริมงาม,41,32:06.2,32:06.2
557,5205,Ngao,งาว,41,32:06.2,32:06.2
558,5206,Chae Hom,แจ้ห่ม,41,32:06.2,32:06.2
559,5207,Wang Nuea,วังเหนือ,41,32:06.2,32:06.2
560,5208,Thoen,เถิน,41,32:06.2,32:06.2
561,5209,Mae Phrik,แม่พริก,41,32:06.2,32:06.2
562,5210,Mae Tha,แม่ทะ,41,32:06.2,32:06.2
563,5211,Sop Prap,สบปราบ,41,32:06.2,32:06.2
564,5212,Hang Chat,ห้างฉัตร,41,32:06.2,32:06.2
565,5213,Mueang Pan,เมืองปาน,41,32:06.2,32:06.2
566,5301,Mueang Uttaradit,เมืองอุตรดิตถ์,42,32:06.2,32:06.2
567,5302,Tron,ตรอน,42,32:06.2,32:06.2
568,5303,Tha Pla,ท่าปลา,42,32:06.2,32:06.2
569,5304,Nam Pat,น้ำปาด,42,32:06.2,32:06.2
570,5305,Fak Tha,ฟากท่า,42,32:06.2,32:06.2
571,5306,Ban Khok,บ้านโคก,42,32:06.2,32:06.2
572,5307,Phichai,พิชัย,42,32:06.2,32:06.2
573,5308,Laplae,ลับแล,42,32:06.2,32:06.2
574,5309,Thong Saen Khan,ทองแสนขัน,42,32:06.2,32:06.2
575,5401,Mueang Phrae,เมืองแพร่,43,32:06.2,32:06.2
576,5402,Mueang Phrae,ร้องกวาง,43,32:06.2,32:06.2
577,5403,Long,ลอง,43,32:06.2,32:06.2
578,5404,Sung Men,สูงเม่น,43,32:06.2,32:06.2
579,5405,Den Chai,เด่นชัย,43,32:06.2,32:06.2
580,5406,Song,สอง,43,32:06.2,32:06.2
581,5407,Wang Chin,วังชิ้น,43,32:06.2,32:06.2
582,5408,Nong Muang Khai,หนองม่วงไข่,43,32:06.2,32:06.2
583,5501,Mueang Nan,เมืองน่าน,44,32:06.2,32:06.2
584,5502,Mae Charim,แม่จริม,44,32:06.2,32:06.2
585,5503,Ban Luang,บ้านหลวง,44,32:06.2,32:06.2
586,5504,Na Noi,นาน้อย,44,32:06.2,32:06.2
587,5505,Pua,ปัว,44,32:06.2,32:06.2
588,5506,Tha Wang Pha,ท่าวังผา,44,32:06.2,32:06.2
589,5507,Wiang Sa,เวียงสา,44,32:06.2,32:06.2
590,5508,Thung Chang,ทุ่งช้าง,44,32:06.2,32:06.2
591,5509,Chiang Klang,เชียงกลาง,44,32:06.2,32:06.2
592,5510,Na Muen,นาหมื่น,44,32:06.2,32:06.2
593,5511,Santi Suk,สันติสุข,44,32:06.2,32:06.2
594,5512,Bo Kluea,บ่อเกลือ,44,32:06.2,32:06.2
595,5513,Song Khwae,สองแคว,44,32:06.2,32:06.2
596,5514,Phu Phiang,ภูเพียง,44,32:06.2,32:06.2
597,5515,Chaloem Phra Kiet,เฉลิมพระเกียรติ,44,32:06.2,32:06.2
598,5601,Mueang Phayao,เมืองพะเยา,45,32:06.2,32:06.2
599,5602,Mueang Phayao,จุน,45,32:06.2,32:06.2
600,5603,Mueang Phayao,เชียงคำ,45,32:06.2,32:06.2
601,5604,Mueang Phayao,เชียงม่วน,45,32:06.2,32:06.2
602,5605,Mueang Phayao,ดอกคำใต้,45,32:06.2,32:06.2
603,5606,Mueang Phayao,ปง,45,32:06.2,32:06.2
604,5607,Mueang Phayao,แม่ใจ,45,32:06.2,32:06.2
605,5608,Mueang Phayao,ภูซาง,45,32:06.2,32:06.2
606,5609,Mueang Phayao,ภูกามยาว,45,32:06.2,32:06.2
607,5701,Mueang Chiang Rai,เมืองเชียงราย,46,32:06.2,32:06.2
608,5702,Wiang Chai,เวียงชัย,46,32:06.2,32:06.2
609,5703,Chiang Khong,เชียงของ,46,32:06.2,32:06.2
610,5704,Thoeng,เทิง,46,32:06.2,32:06.2
611,5705,Phan,พาน,46,32:06.2,32:06.2
612,5706,Pa Daet,ป่าแดด,46,32:06.2,32:06.2
613,5707,Mae Chan,แม่จัน,46,32:06.2,32:06.2
614,5708,Chiang Saen,เชียงแสน,46,32:06.2,32:06.2
615,5709,Mae Sai,แม่สาย,46,32:06.2,32:06.2
616,5710,Mae Suai,แม่สรวย,46,32:06.2,32:06.2
617,5711,Wiang Pa Pao,เวียงป่าเป้า,46,32:06.2,32:06.2
618,5712,Phaya Mengrai,พญาเม็งราย,46,32:06.2,32:06.2
619,5713,Wiang Kaen,เวียงแก่น,46,32:06.2,32:06.2
620,5714,Khun Tan,ขุนตาล,46,32:06.2,32:06.2
621,5715,Mae Fa Luang,แม่ฟ้าหลวง,46,32:06.2,32:06.2
622,5716,Mae Lao,แม่ลาว,46,32:06.2,32:06.2
623,5717,Wiang Chiang Rung,เวียงเชียงรุ้ง,46,32:06.2,32:06.2
624,5718,Doi Luang,ดอยหลวง,46,32:06.2,32:06.2
625,5801,Mueang Mae Hong Son,เมืองแม่ฮ่องสอน,47,32:06.2,32:06.2
626,5802,Khun Yuam,ขุนยวม,47,32:06.2,32:06.2
627,5803,Pai,ปาย,47,32:06.2,32:06.2
628,5804,Mae Sariang,แม่สะเรียง,47,32:06.2,32:06.2
629,5805,Mae La Noi,แม่ลาน้อย,47,32:06.2,32:06.2
630,5806,Sop Moei,สบเมย,47,32:06.2,32:06.2
631,5807,Pang Mapha,ปางมะผ้า,47,32:06.2,32:06.2
632,6001,Mueang Nakhon Sawan,เมืองนครสวรรค์,48,32:06.2,32:06.2
633,6002,Krok Phra,โกรกพระ,48,32:06.2,32:06.2
634,6003,Chum Saeng,ชุมแสง,48,32:06.2,32:06.2
635,6004,Nong Bua,หนองบัว,48,32:06.2,32:06.2
636,6005,Banphot Phisai,บรรพตพิสัย,48,32:06.2,32:06.2
637,6006,Kao Liao,เก้าเลี้ยว,48,32:06.2,32:06.2
638,6007,Takhli,ตาคลี,48,32:06.2,32:06.2
639,6008,Tha Tako,ท่าตะโก,48,32:06.2,32:06.2
640,6009,Phaisali,ไพศาลี,48,32:06.2,32:06.2
641,6010,Phayuha Hkiri,พยุหะคีรี,48,32:06.2,32:06.2
642,6011,Lat Yao,ลาดยาว,48,32:06.2,32:06.2
643,6012,Tak Fa,ตากฟ้า,48,32:06.2,32:06.2
644,6013,Mae Wong,แม่วงก์,48,32:06.2,32:06.2
645,6014,Mae Pern,แม่เปิน,48,32:06.2,32:06.2
646,6015,Chum Ta Bong,ชุมตาบง,48,32:06.2,32:06.2
647,6101,Mueang Uthai Thani,เมืองอุทัยธานี,49,32:06.2,32:06.2
648,6102,Thap Than,ทัพทัน,49,32:06.2,32:06.2
649,6103,Sawang Arom,สว่างอารมณ์,49,32:06.2,32:06.2
650,6104,Nong Chang,หนองฉาง,49,32:06.2,32:06.2
651,6105,Nong Khayang,หนองขาหย่าง,49,32:06.2,32:06.2
652,6106,Ban Rai,บ้านไร่,49,32:06.2,32:06.2
653,6107,Lan Sak,ลานสัก,49,32:06.2,32:06.2
654,6108,Huai Khot,ห้วยคต,49,32:06.2,32:06.2
655,6201,Mueang Kamphaeng Phet,เมืองกำแพงเพชร,50,32:06.2,32:06.2
656,6202,Sai Ngam,ไทรงาม,50,32:06.2,32:06.2
657,6203,Khlong Lan,คลองลาน,50,32:06.2,32:06.2
658,6204,Khanu Woralaksaburi,ขาณุวรลักษบุรี,50,32:06.2,32:06.2
659,6205,Khlong Khlung,คลองขลุง,50,32:06.2,32:06.2
660,6206,Phran Kratai,พรานกระต่าย,50,32:06.2,32:06.2
661,6207,Lan Krabue,ลานกระบือ,50,32:06.2,32:06.2
662,6208,Sai Thong Watthana,ทรายทองวัฒนา,50,32:06.2,32:06.2
663,6209,Pang Sila Thong,ปางศิลาทอง,50,32:06.2,32:06.2
664,6210,Bueng Samakkhi,บึงสามัคคี,50,32:06.2,32:06.2
665,6211,Kosamphi Nakhon,โกสัมพีนคร,50,32:06.2,32:06.2
666,6301,Mueang Tak,เมืองตาก,51,32:06.2,32:06.2
667,6302,Ban Tak,บ้านตาก,51,32:06.2,32:06.2
668,6303,Sam Ngao,สามเงา,51,32:06.2,32:06.2
669,6304,Mae Ramat,แม่ระมาด,51,32:06.2,32:06.2
670,6305,Tha Song Yang,ท่าสองยาง,51,32:06.2,32:06.2
671,6306,Mae Sot,แม่สอด,51,32:06.2,32:06.2
672,6307,Phop Phra,พบพระ,51,32:06.2,32:06.2
673,6308,Um Phang,อุ้มผาง,51,32:06.2,32:06.2
674,6309,Wang Chao,วังเจ้า,51,32:06.2,32:06.2
675,6401,Mueang Sukhothai,เมืองสุโขทัย,52,32:06.2,32:06.2
676,6402,Ban Dan Lan Hoi,บ้านด่านลานหอย,52,32:06.2,32:06.2
677,6403,Khiri Mat,คีรีมาศ,52,32:06.2,32:06.2
678,6404,Kong Krailat,กงไกรลาศ,52,32:06.2,32:06.2
679,6405,Si Satchanalai,ศรีสัชนาลัย,52,32:06.2,32:06.2
680,6406,Si Samrong,ศรีสำโรง,52,32:06.2,32:06.2
681,6407,Sawankhalok,สวรรคโลก,52,32:06.2,32:06.2
682,6408,Si Nakhon,ศรีนคร,52,32:06.2,32:06.2
683,6409,Thung Saliam,ทุ่งเสลี่ยม,52,32:06.2,32:06.2
684,6501,Mueang Phitsanulok,เมืองพิษณุโลก,53,32:06.2,32:06.2
685,6502,Nakhon Thai,นครไทย,53,32:06.2,32:06.2
686,6503,Chat Trakan,ชาติตระการ,53,32:06.2,32:06.2
687,6504,Bang Rakam,บางระกำ,53,32:06.2,32:06.2
688,6505,Bang Krathum,บางกระทุ่ม,53,32:06.2,32:06.2
689,6506,Phrom Phiram,พรหมพิราม,53,32:06.2,32:06.2
690,6507,Wat Bot,วัดโบสถ์,53,32:06.2,32:06.2
691,6508,Wang Thong,วังทอง,53,32:06.2,32:06.2
692,6509,Noen Maprang,เนินมะปราง,53,32:06.2,32:06.2
693,6601,Mueang Phichit,เมืองพิจิตร,54,32:06.2,32:06.2
694,6602,Wang Sai Phun,วังทรายพูน,54,32:06.2,32:06.2
695,6603,Pho Prathap Chang,โพธิ์ประทับช้าง,54,32:06.2,32:06.2
696,6604,Taphan Hin,ตะพานหิน,54,32:06.2,32:06.2
697,6605,Bang Mun Nak,บางมูลนาก,54,32:06.2,32:06.2
698,6606,Pho Thale,โพทะเล,54,32:06.2,32:06.2
699,6607,Sam Ngam,สามง่าม,54,32:06.2,32:06.2
700,6608,Tap Khlo,ทับคล้อ,54,32:06.2,32:06.2
701,6609,Sak Lek,สากเหล็ก,54,32:06.2,32:06.2
702,6610,Bueng Na Rang,บึงนาราง,54,32:06.2,32:06.2
703,6611,Dong Charoen,ดงเจริญ,54,32:06.2,32:06.2
704,6612,Wachirabarami,วชิรบารมี,54,32:06.2,32:06.2
705,6701,Mueang Phetchabun,เมืองเพชรบูรณ์,55,32:06.2,32:06.2
706,6702,Chon Daen,ชนแดน,55,32:06.2,32:06.2
707,6703,Lom Sak,หล่มสัก,55,32:06.2,32:06.2
708,6704,Lom Kao,หล่มเก่า,55,32:06.2,32:06.2
709,6705,Wichian Buri,วิเชียรบุรี,55,32:06.2,32:06.2
710,6706,Si Thep,ศรีเทพ,55,32:06.2,32:06.2
711,6707,Nong Phai,หนองไผ่,55,32:06.2,32:06.2
712,6708,Bueng Sam Phan,บึงสามพัน,55,32:06.2,32:06.2
713,6709,Nam Nao,น้ำหนาว,55,32:06.2,32:06.2
714,6710,Wang Pong,วังโป่ง,55,32:06.2,32:06.2
715,6711,Khao kho,เขาค้อ,55,32:06.2,32:06.2
716,7001,Mueang Ratchaburi,เมืองราชบุรี,56,32:06.2,32:06.2
717,7002,Chom Bueng,จอมบึง,56,32:06.2,32:06.2
718,7003,Suan Phueng,สวนผึ้ง,56,32:06.2,32:06.2
719,7004,Damnoen Saduak,ดำเนินสะดวก,56,32:06.2,32:06.2
720,7005,Ban Pong,บ้านโป่ง,56,32:06.2,32:06.2
721,7006,Bang Phae,บางแพ,56,32:06.2,32:06.2
722,7007,Photharam,โพธาราม,56,32:06.2,32:06.2
723,7008,Pak Tho,ปากท่อ,56,32:06.2,32:06.2
724,7009,Wat Phleng,วัดเพลง,56,32:06.2,32:06.2
725,7010,Ban Kha,บ้านคา,56,32:06.2,32:06.2
726,7101,Mueang Kanchanaburi,เมืองกาญจนบุรี,57,32:06.2,32:06.2
727,7102,Sai Yok,ไทรโยค,57,32:06.2,32:06.2
728,7103,Bo Phloi,บ่อพลอย,57,32:06.2,32:06.2
729,7104,Si Sawat,ศรีสวัสดิ์,57,32:06.2,32:06.2
730,7105,Tha Maka,ท่ามะกา,57,32:06.2,32:06.2
731,7106,Tha Muang,ท่าม่วง,57,32:06.2,32:06.2
732,7107,Thong Pha Phum,ทองผาภูมิ,57,32:06.2,32:06.2
733,7108,Sangkhla Buri,สังขละบุรี,57,32:06.2,32:06.2
734,7109,Phanom Thuan,พนมทวน,57,32:06.2,32:06.2
735,7110,Lao Khwan,เลาขวัญ,57,32:06.2,32:06.2
736,7111,Dan Makham Tia,ด่านมะขามเตี้ย,57,32:06.2,32:06.2
737,7112,Nong Prue,หนองปรือ,57,32:06.2,32:06.2
738,7113,Huai Krachao,ห้วยกระเจา,57,32:06.2,32:06.2
739,7201,Mueang Saphan Buri,เมืองสุพรรณบุรี,58,32:06.2,32:06.2
740,7202,Doem Bang Nang Buat,เดิมบางนางบวช,58,32:06.2,32:06.2
741,7203,Dan Chang,ด่านช้าง,58,32:06.2,32:06.2
742,7204,Bang Pla Ma,บางปลาม้า,58,32:06.2,32:06.2
743,7205,Si Prachan,ศรีประจันต์,58,32:06.2,32:06.2
744,7206,Don Chedi,ดอนเจดีย์,58,32:06.2,32:06.2
745,7207,Song Phi Nong,สองพี่น้อง,58,32:06.2,32:06.2
746,7208,Sam Chuk,สามชุก,58,32:06.2,32:06.2
747,7209,U Thong,อู่ทอง,58,32:06.2,32:06.2
748,7210,Nong Ya Sai,หนองหญ้าไซ,58,32:06.2,32:06.2
749,7301,mueang Nakhon Pathom,เมืองนครปฐม,59,32:06.2,32:06.2
750,7302,Kamphaeng Saen,กำแพงแสน,59,32:06.2,32:06.2
751,7303,Nakhon Chai Si,นครชัยศรี,59,32:06.2,32:06.2
752,7304,Don Tum,ดอนตูม,59,32:06.2,32:06.2
753,7305,Bang Len,บางเลน,59,32:06.2,32:06.2
754,7306,Sam Phran,สามพราน,59,32:06.2,32:06.2
755,7307,Phutthamonthon,พุทธมณฑล,59,32:06.2,32:06.2
756,7401,Mueang Samut Sakhon,เมืองสมุทรสาคร,60,32:06.2,32:06.2
757,7402,Krathum Baen,กระทุ่มแบน,60,32:06.2,32:06.2
758,7403,Ban Phaeo,บ้านแพ้ว,60,32:06.2,32:06.2
759,7501,Mueang Samut Songkhram,เมืองสมุทรสงคราม,61,32:06.2,32:06.2
760,7502,Bang Khonthi,บางคนที,61,32:06.2,32:06.2
761,7503,Amphawa,อัมพวา,61,32:06.2,32:06.2
762,7601,Mueang Phetchaburi,เมืองเพชรบุรี,62,32:06.2,32:06.2
763,7602,Khao Yoi,เขาย้อย,62,32:06.2,32:06.2
764,7603,Nong Ya Plong,หนองหญ้าปล้อง,62,32:06.2,32:06.2
765,7604,Cha-am,ชะอำ,62,32:06.2,32:06.2
766,7605,Tha Yang,ท่ายาง,62,32:06.2,32:06.2
767,7606,Ban Lat,บ้านลาด,62,32:06.2,32:06.2
768,7607,Ban Laem,บ้านแหลม,62,32:06.2,32:06.2
769,7608,Kaeng Krachan,แก่งกระจาน,62,32:06.2,32:06.2
770,7701,Mueang Prachuap Khiri Khan,เมืองประจวบคีรีขันธ์,63,32:06.2,32:06.2
771,7702,Kui Buri,กุยบุรี,63,32:06.2,32:06.2
772,7703,Thap Sakae,ทับสะแก,63,32:06.2,32:06.2
773,7704,Bang Saphan,บางสะพาน,63,32:06.2,32:06.2
774,7705,Bang Saphan Noi,บางสะพานน้อย,63,32:06.2,32:06.2
775,7706,Pran Buri,ปราณบุรี,63,32:06.2,32:06.2
776,7707,Hua Hin,หัวหิน,63,32:06.2,32:06.2
777,7708,Sam Roi Yot,สามร้อยยอด,63,32:06.2,32:06.2
778,8001,Mueang Nakhon Si Thammarat,เมืองนครศรีธรรมราช,64,32:06.2,32:06.2
779,8002,Phrom Khiri,พรหมคีรี,64,32:06.2,32:06.2
780,8003,Lan Saka,ลานสกา,64,32:06.2,32:06.2
781,8004,Chawang,ฉวาง,64,32:06.2,32:06.2
782,8005,Phipun,พิปูน,64,32:06.2,32:06.2
783,8006,Chian Yai,เชียรใหญ่,64,32:06.2,32:06.2
784,8007,Cha-uat,ชะอวด,64,32:06.2,32:06.2
785,8008,Tha Sala,ท่าศาลา,64,32:06.2,32:06.2
786,8009,Thung Song,ทุ่งสง,64,32:06.2,32:06.2
787,8010,Na Bon,นาบอน,64,32:06.2,32:06.2
788,8011,Thung Yai,ทุ่งใหญ่,64,32:06.2,32:06.2
789,8012,Pak Phanang,ปากพนัง,64,32:06.2,32:06.2
790,8013,Ron Phibun,ร่อนพิบูลย์,64,32:06.2,32:06.2
791,8014,Sichon,สิชล,64,32:06.2,32:06.2
792,8015,Khanom,ขนอม,64,32:06.2,32:06.2
793,8016,Hua Sai,หัวไทร,64,32:06.2,32:06.2
794,8017,Bang Khan,บางขัน,64,32:06.2,32:06.2
795,8018,Tham Phannara,ถ้ำพรรณรา,64,32:06.2,32:06.2
796,8019,Chulabhorn,จุฬาภรณ์,64,32:06.2,32:06.2
797,8020,Phra Phrom,พระพรหม,64,32:06.2,32:06.2
798,8021,Nopphitam,นบพิตำ,64,32:06.2,32:06.2
799,8022,Chang Klang,ช้างกลาง,64,32:06.2,32:06.2
800,8023,Chaloem Phra Kiet,เฉลิมพระเกียรติ,64,32:06.2,32:06.2
801,8101,Mueang Krabi,เมืองกระบี่,65,32:06.2,32:06.2
802,8102,Khao Phanom,เขาพนม,65,32:06.2,32:06.2
803,8103,Ko Lanta,เกาะลันตา,65,32:06.2,32:06.2
804,8104,Khlong Thom,คลองท่อม,65,32:06.2,32:06.2
805,8105,Ao Luek,อ่าวลึก,65,32:06.2,32:06.2
806,8106,Plai Phraya,ปลายพระยา,65,32:06.2,32:06.2
807,8107,Lam Thap,ลำทับ,65,32:06.2,32:06.2
808,8108,Nuea Khlong,เหนือคลอง,65,32:06.2,32:06.2
809,8201,Mueang Phang-nga,เมืองพังงา,66,32:06.2,32:06.2
810,8202,Ko Yao,เกาะยาว,66,32:06.2,32:06.2
811,8203,Kapong,กะปง,66,32:06.2,32:06.2
812,8204,Takua Thung,ตะกั่วทุ่ง,66,32:06.2,32:06.2
813,8205,Takua Pa,ตะกั่วป่า,66,32:06.2,32:06.2
814,8206,Khura Buri,คุระบุรี,66,32:06.2,32:06.2
815,8207,Thap Put,ทับปุด,66,32:06.2,32:06.2
816,8208,Thai Mueang,ท้ายเหมือง,66,32:06.2,32:06.2
817,8301,Mueang Phuket,เมืองภูเก็ต,67,32:06.2,32:06.2
818,8302,Kathu,กะทู้,67,32:06.2,32:06.2
819,8303,Thalang,ถลาง,67,32:06.2,32:06.2
820,8401,Mueang Surat Thani,เมืองสุราษฎร์ธานี,68,32:06.2,32:06.2
821,8402,Kanchanadit,กาญจนดิษฐ์,68,32:06.2,32:06.2
822,8403,Don Sak,ดอนสัก,68,32:06.2,32:06.2
823,8404,Ko Samui,เกาะสมุย,68,32:06.2,32:06.2
824,8405,Ko Pha-ngan,เกาะพะงัน,68,32:06.2,32:06.2
825,8406,Chaiya,ไชยา,68,32:06.2,32:06.2
826,8407,Tha Chana,ท่าชนะ,68,32:06.2,32:06.2
827,8408,Khiri Rat Nikhom,คีรีรัฐนิคม,68,32:06.2,32:06.2
828,8409,Ban Ta Khun,บ้านตาขุน,68,32:06.2,32:06.2
829,8410,Phanom,พนม,68,32:06.2,32:06.2
830,8411,Tha Chang,ท่าฉาง,68,32:06.2,32:06.2
831,8412,Ban Na San,บ้านนาสาร,68,32:06.2,32:06.2
832,8413,Ban Na Doem,บ้านนาเดิม,68,32:06.2,32:06.2
833,8414,Khian Sa,เคียนซา,68,32:06.2,32:06.2
834,8415,Wiang Sa,เวียงสระ,68,32:06.2,32:06.2
835,8416,Phrasaeng,พระแสง,68,32:06.2,32:06.2
836,8417,Phunphin,พุนพิน,68,32:06.2,32:06.2
837,8418,Chai Buri,ชัยบุรี,68,32:06.2,32:06.2
838,8419,Chai Buri,วิภาวดี,68,32:06.2,32:06.2
839,8501,Mueang Ranong,เมืองระนอง,69,32:06.2,32:06.2
840,8502,La-un,ละอุ่น,69,32:06.2,32:06.2
841,8503,Papoe,กะเปอร์,69,32:06.2,32:06.2
842,8504,Kra Buri,กระบุรี,69,32:06.2,32:06.2
843,8505,Suk Samran,สุขสำราญ,69,32:06.2,32:06.2
844,8601,Mueang Chumphon,เมืองชุมพร,70,32:06.2,32:06.2
845,8602,Tha Sae,ท่าแซะ,70,32:06.2,32:06.2
846,8603,Pathio,ปะทิว,70,32:06.2,32:06.2
847,8604,Lang Suan,หลังสวน,70,32:06.2,32:06.2
848,8605,Lamae,ละแม,70,32:06.2,32:06.2
849,8606,Phato,พะโต๊ะ,70,32:06.2,32:06.2
850,8607,Sawi,สวี,70,32:06.2,32:06.2
851,8608,Thung Tako,ทุ่งตะโก,70,32:06.2,32:06.2
852,9001,Muaeng Songkhla,เมืองสงขลา,71,32:06.2,32:06.2
853,9002,Sathing Phra,สทิงพระ,71,32:06.2,32:06.2
854,9003,Chana,จะนะ,71,32:06.2,32:06.2
855,9004,Na Thawi,นาทวี,71,32:06.2,32:06.2
856,9005,Thepha,เทพา,71,32:06.2,32:06.2
857,9006,Saba Yoi,สะบ้าย้อย,71,32:06.2,32:06.2
858,9007,Ranot,ระโนด,71,32:06.2,32:06.2
859,9008,Krasae Sin,กระแสสินธุ์,71,32:06.2,32:06.2
860,9009,Rattaphum,รัตภูมิ,71,32:06.2,32:06.2
861,9010,Sadao,สะเดา,71,32:06.2,32:06.2
862,9011,Hat Yai,หาดใหญ่,71,32:06.2,32:06.2
863,9012,Na Mom,นาหม่อม,71,32:06.2,32:06.2
864,9013,Khuan Niang,ควนเนียง,71,32:06.2,32:06.2
865,9014,Bang Klam,บางกล่ำ,71,32:06.2,32:06.2
866,9015,Singhanakhon,สิงหนคร,71,32:06.2,32:06.2
867,9016,Khlong Hoi Khong,คลองหอยโข่ง,71,32:06.2,32:06.2
868,9101,Mueang Satun,เมืองสตูล,72,32:06.2,32:06.2
869,9102,Khuan Don,ควนโดน,72,32:06.2,32:06.2
870,9103,Khuan Kalong,ควนกาหลง,72,32:06.2,32:06.2
871,9104,Tha Phae,ท่าแพ,72,32:06.2,32:06.2
872,9105,La-ngu,ละงู,72,32:06.2,32:06.2
873,9106,Thung  Wa,ทุ่งหว้า,72,32:06.2,32:06.2
874,9107,Manang,มะนัง,72,32:06.2,32:06.2
875,9201,Mueang Trang,เมืองตรัง,73,32:06.2,32:06.2
876,9202,Kantang,กันตัง,73,32:06.2,32:06.2
877,9203,Yan Ta Khao,ย่านตาขาว,73,32:06.2,32:06.2
878,9204,Palian,ปะเหลียน,73,32:06.2,32:06.2
879,9205,Sikao,สิเกา,73,32:06.2,32:06.2
880,9206,Huai Yot,ห้วยยอด,73,32:06.2,32:06.2
881,9207,Wang Wiset,วังวิเศษ,73,32:06.2,32:06.2
882,9208,Na Yong,นาโยง,73,32:06.2,32:06.2
883,9209,Ratsada,รัษฎา,73,32:06.2,32:06.2
884,9210,Hat Samran,หาดสำราญ,73,32:06.2,32:06.2
885,9301,Mueang Phatthalung,เมืองพัทลุง,74,32:06.2,32:06.2
886,9302,Kong Ra,กงหรา,74,32:06.2,32:06.2
887,9303,Khao Chaison,เขาชัยสน,74,32:06.2,32:06.2
888,9304,Tamot,ตะโหมด,74,32:06.2,32:06.2
889,9305,Khuan Khanun,ควนขนุน,74,32:06.2,32:06.2
890,9306,Pak Phayun,ปากพะยูน,74,32:06.2,32:06.2
891,9307,Si Banphot,ศรีบรรพต,74,32:06.2,32:06.2
892,9308,Pa Bon,ป่าบอน,74,32:06.2,32:06.2
893,9309,Bang Kaeo,บางแก้ว,74,32:06.2,32:06.2
894,9310,Pa Phayom,ป่าพยอม,74,32:06.2,32:06.2
895,9311,Srinagarindra,ศรีนครินทร์,74,32:06.2,32:06.2
896,9401,Mueang Pattani,เมืองปัตตานี,75,32:06.2,32:06.2
897,9402,Khok Pho,โคกโพธิ์,75,32:06.2,32:06.2
898,9403,Nong Chik,หนองจิก,75,32:06.2,32:06.2
899,9404,Panare,ปะนาเระ,75,32:06.2,32:06.2
900,9405,Mayo,มายอ,75,32:06.2,32:06.2
901,9406,Thung Yang Daeng,ทุ่งยางแดง,75,32:06.2,32:06.2
902,9407,Sai Buri,สายบุรี,75,32:06.2,32:06.2
903,9408,Mai Kaen,ไม้แก่น,75,32:06.2,32:06.2
904,9409,Yaring,ยะหริ่ง,75,32:06.2,32:06.2
905,9410,Yarang,ยะรัง,75,32:06.2,32:06.2
906,9411,Kapho,กะพ้อ,75,32:06.2,32:06.2
907,9412,Mae Lan,แม่ลาน,75,32:06.2,32:06.2
908,9501,Mueang Yala,เมืองยะลา,76,32:06.2,32:06.2
909,9502,Betong,เบตง,76,32:06.2,32:06.2
910,9503,Bannang Sata,บันนังสตา,76,32:06.2,32:06.2
911,9504,Than To,ธารโต,76,32:06.2,32:06.2
912,9505,Yaha,ยะหา,76,32:06.2,32:06.2
913,9506,Raman,รามัน,76,32:06.2,32:06.2
914,9507,Kabang,กาบัง,76,32:06.2,32:06.2
915,9508,Krong Pinang,กรงปีนัง,76,32:06.2,32:06.2
916,9601,Mueang Narathiwat,เมืองนราธิวาส,77,32:06.2,32:06.2
917,9602,Tak Bai,ตากใบ,77,32:06.2,32:06.2
918,9603,Tak Bai,บาเจาะ,77,32:06.2,32:06.2
919,9604,Yi-ngo,ยี่งอ,77,32:06.2,32:06.2
920,9605,Ra-ngae,ระแงะ,77,32:06.2,32:06.2
921,9606,Rueso,รือเสาะ,77,32:06.2,32:06.2
922,9607,Si Sakhon,ศรีสาคร,77,32:06.2,32:06.2
923,9608,Waeng,แว้ง,77,32:06.2,32:06.2
924,9609,Sukhirin,สุคิริน,77,32:06.2,32:06.2
925,9610,Su-ngai Kolok,สุไหงโก-ลก,77,32:06.2,32:06.2
926,9611,Su-ngai Padi,สุไหงปาดี,77,32:06.2,32:06.2
927,9612,Chanae,จะแนะ,77,32:06.2,32:06.2
928,9613,Cho-airong,เจาะไอร้อง,77,32:06.2,32:06.2
